,selection_frequency
KCNH1,0.6628571428571428
SEZ6L2,0.5804761904761905
RP11-290O12.2,0.5495238095238095
TGFA,0.5214285714285715
EXTL1,0.49857142857142855
P2RY14,0.4880952380952381
NOG,0.4757142857142857
GRB10,0.4642857142857143
GRIN2A,0.45714285714285713
GS1-57L11.1,0.4514285714285714
RP11-1055B8.3,0.44857142857142857
RP11-761N21.1,0.4471428571428571
PPFIA2,0.4319047619047619
LANCL2,0.430952380952381
CH17-80A12.1,0.42952380952380953
GRM5,0.42142857142857143
LINC01598,0.4204761904761905
NOS1,0.4204761904761905
GFRA2,0.41714285714285715
COL14A1,0.41714285714285715
LPL,0.41333333333333333
EIF2D,0.4014285714285714
SLC24A4,0.40095238095238095
MDGA1,0.3914285714285714
DYRK3,0.38904761904761903
IRS1,0.38476190476190475
IL10,0.38142857142857145
AC005550.3,0.37047619047619046
LINC01324,0.36904761904761907
TFPI,0.3661904761904762
MIR219A2,0.3628571428571429
AC129778.2,0.3580952380952381
ITGB5,0.35428571428571426
GLRA3,0.35285714285714287
NABP1,0.3504761904761905
CACNA2D3,0.34809523809523807
PRDM16,0.34523809523809523
AQP1,0.3442857142857143
MSC-AS1,0.3414285714285714
RP11-148L24.1,0.33095238095238094
IGSF10,0.3242857142857143
CUX2,0.32142857142857145
APOLD1,0.32
SEMA3D,0.31952380952380954
NGF,0.310952380952381
LINC00624,0.3076190476190476
XKR4,0.2995238095238095
LINC00266-1,0.2980952380952381
LEMD1,0.29428571428571426
COL8A1,0.29333333333333333
FRMPD3,0.2923809523809524
HPSE2,0.2923809523809524
RP11-400N13.3,0.2895238095238095
GLDN,0.28476190476190477
AR,0.2819047619047619
FGF12,0.28
RP11-710C12.1,0.2795238095238095
LINC00698,0.2757142857142857
SAA2-SAA4,0.2733333333333333
SLC6A11,0.2704761904761905
CH17-125A10.2,0.27
CCDC3,0.27
MECOM,0.2661904761904762
CCDC80,0.26571428571428574
TCTEX1D1,0.2638095238095238
OS9,0.2633333333333333
CBLN4,0.26285714285714284
APOL2,0.2623809523809524
MYO5B,0.26095238095238094
RP5-947P14.1,0.2571428571428571
RANBP3L,0.2561904761904762
IQCA1,0.2542857142857143
CTD-2545M3.8,0.2538095238095238
SHC4,0.25285714285714284
LINC01094,0.25285714285714284
AC007682.1,0.2523809523809524
ATP10B,0.2509523809523809
AC092684.1,0.25047619047619046
GPRC5A,0.25047619047619046
IGFL4,0.24857142857142858
TP63,0.24714285714285714
HMCN2,0.23904761904761904
CDCA8,0.23809523809523808
MTCP1,0.23476190476190475
TPD52L1,0.2342857142857143
FAM19A2,0.23142857142857143
SH2D3C,0.23095238095238096
STC2,0.22952380952380952
RASL12,0.22904761904761906
ADGRB1,0.22714285714285715
DCC,0.22476190476190477
SLC24A2,0.2219047619047619
MIR4300HG,0.22095238095238096
NR4A3,0.22095238095238096
ALDH1L1,0.2195238095238095
EMP3,0.21857142857142858
EPHA6,0.21714285714285714
PTPRB,0.21666666666666667
MT-ND2,0.21666666666666667
AC005487.2,0.2138095238095238
ANXA8,0.21285714285714286
GPR17,0.21095238095238095
SULF1,0.21
NTN4,0.20904761904761904
TTYH2,0.2042857142857143
CELF5,0.20238095238095238
COL5A1,0.20238095238095238
LINC00836,0.2019047619047619
ST8SIA4,0.19666666666666666
INHBA,0.1957142857142857
CATSPERB,0.1957142857142857
RP11-386I14.4,0.1957142857142857
PAK3,0.19476190476190477
TMEM132E,0.19047619047619047
GEM,0.19047619047619047
FRMD4B,0.19047619047619047
KIF11,0.19
C1QTNF1,0.19
ARMC3,0.18761904761904763
FABP5,0.18666666666666668
GPR20,0.18666666666666668
CA10,0.18571428571428572
CASC9,0.18476190476190477
RERG,0.1838095238095238
CCND1,0.18333333333333332
PAX7,0.18333333333333332
AC105402.4,0.18285714285714286
GPR55,0.1823809523809524
KBTBD12,0.18095238095238095
CTC-535M15.2,0.18047619047619048
CLVS2,0.18
ATP8A1,0.17809523809523808
HIF1A-AS2,0.17666666666666667
MAFB,0.17666666666666667
SPOCK3,0.1761904761904762
AC137932.6,0.17523809523809525
DEPTOR,0.1742857142857143
EPB41L3,0.17333333333333334
IQGAP3,0.17285714285714285
RP11-63G10.3,0.1719047619047619
PRDM8,0.17095238095238094
KB-1980E6.3,0.17
XAF1,0.16666666666666666
CRYAB,0.16666666666666666
SLC35F4,0.1657142857142857
AC008079.9,0.16476190476190475
CPLX1,0.16428571428571428
ITGA5,0.16238095238095238
FAM180A,0.16142857142857142
METTL7B,0.16047619047619047
RP11-101O21.1,0.16047619047619047
IFITM3,0.1595238095238095
RPH3A,0.15904761904761905
RP11-176N18.2,0.1580952380952381
SNX22,0.15761904761904763
RP11-68E19.2,0.15761904761904763
IGLC2,0.15619047619047619
CNTN3,0.15571428571428572
HID1,0.15523809523809523
DLGAP1-AS4,0.1538095238095238
AHNAK,0.15333333333333332
GPC5,0.1519047619047619
RP11-400N13.1,0.1519047619047619
RAMP3,0.15095238095238095
RGL1,0.15047619047619049
COL15A1,0.15047619047619049
FAM189A2,0.15
CKAP2L,0.15
ADGRD1,0.15
KHDRBS2,0.14952380952380953
RP11-260O18.1,0.14904761904761904
NFASC,0.14857142857142858
ATP10A,0.14857142857142858
GAD1,0.14761904761904762
ADAMTS17,0.14714285714285713
DOCK6,0.1457142857142857
XPNPEP2,0.1457142857142857
GABRB1,0.14523809523809525
TTN,0.14523809523809525
MT1M,0.14476190476190476
GLUL,0.1442857142857143
ARHGAP6,0.14333333333333334
HJURP,0.14333333333333334
HGF,0.14333333333333334
RP11-752L20.5,0.14285714285714285
PCSK2,0.14238095238095239
HLA-C,0.14142857142857143
GUCY1A2,0.14095238095238094
RP11-156K13.1,0.14095238095238094
TBC1D10A,0.14
DNAJA4,0.13904761904761906
COL16A1,0.1380952380952381
HK2,0.1380952380952381
ZFAND5,0.13714285714285715
AGBL4,0.1357142857142857
RP11-71N10.1,0.13523809523809524
MSMP,0.13428571428571429
NID2,0.13380952380952382
TUBGCP6,0.13285714285714287
MT-ATP8,0.13238095238095238
LIF,0.1319047619047619
PDZRN4,0.1319047619047619
FOSB,0.1319047619047619
TMEM243,0.1319047619047619
CNTN1,0.13142857142857142
STMN4,0.13095238095238096
POU2F3,0.13095238095238096
SPRY1,0.1295238095238095
TMCC3,0.12714285714285714
RP11-320P7.2,0.1261904761904762
KIAA1755,0.12571428571428572
GABRB2,0.12523809523809523
SAMHD1,0.12523809523809523
PCBP3,0.12476190476190477
RP3-405J10.4,0.12428571428571429
AC009505.2,0.12380952380952381
RP11-798M19.6,0.12333333333333334
SHANK3,0.12333333333333334
NEK10,0.12285714285714286
ID3,0.12238095238095238
ENTPD2,0.1219047619047619
STAC2,0.1219047619047619
CRISPLD1,0.1219047619047619
RP11-718G2.5,0.12142857142857143
ANXA1,0.12142857142857143
WARS,0.12142857142857143
SNRPD3,0.12047619047619047
RP11-627D16.1,0.12047619047619047
EGR1,0.11952380952380952
PSD2,0.11904761904761904
KIF2C,0.11904761904761904
BRINP1,0.11857142857142858
RP11-1094M14.10,0.11857142857142858
LOX,0.11857142857142858
RASSF3,0.1180952380952381
MTRNR2L1,0.11761904761904762
CKMT2,0.11761904761904762
GRM8,0.11714285714285715
LINC00535,0.11666666666666667
ATRNL1,0.11666666666666667
RP11-3B12.2,0.11619047619047619
COX7A1,0.11571428571428571
GLRA2,0.11571428571428571
SLC8A1-AS1,0.11571428571428571
RERGL,0.11523809523809524
ADAM19,0.11476190476190476
ARAP1,0.11333333333333333
ABI3BP,0.11238095238095239
ZNF385B,0.11238095238095239
STX17,0.11238095238095239
HDAC1,0.11190476190476191
CHI3L2,0.11142857142857143
SMIM3,0.11142857142857143
DPP10,0.11095238095238096
C4orf32,0.11047619047619048
RP11-20G13.5,0.11047619047619048
PDE1A,0.11047619047619048
MT-ND5,0.11
CTC-425F1.4,0.10952380952380952
AC002454.1,0.10904761904761905
MBP,0.10857142857142857
HMGA2,0.10857142857142857
CRISPLD2,0.10666666666666667
ADGRG6,0.10666666666666667
ADAMTSL1,0.1061904761904762
KCNT1,0.10523809523809524
LRRIQ1,0.10523809523809524
HIF3A,0.10476190476190476
PBK,0.10476190476190476
PTGFR,0.10428571428571429
SEMA3E,0.10380952380952381
RP11-160E2.6,0.10380952380952381
HPDL,0.10380952380952381
C1orf115,0.10333333333333333
ANO3,0.10333333333333333
MED8,0.10333333333333333
COTL1,0.10285714285714286
IFFO1,0.10238095238095238
NEURL1B,0.1019047619047619
MDGA2,0.10142857142857142
THSD7B,0.10095238095238095
CACNA1B,0.10095238095238095
ATP1A3,0.10095238095238095
COL20A1,0.10047619047619048
CLPX,0.10047619047619048
RP11-89K11.1,0.1
REPS2,0.09952380952380953
RP11-191L9.4,0.09857142857142857
KIRREL3,0.09761904761904762
CTD-3193K9.4,0.09619047619047619
ST6GALNAC3,0.09619047619047619
TCP1,0.09571428571428571
PCSK6,0.09523809523809523
CAPN5,0.09523809523809523
SGK1,0.09523809523809523
PTGDS,0.09476190476190476
JPH1,0.09428571428571429
RP11-384F7.1,0.09428571428571429
LMO2,0.09380952380952381
CTDP1,0.09380952380952381
LINC00639,0.09380952380952381
UBE2L6,0.09333333333333334
CIT,0.09285714285714286
WNK2,0.09285714285714286
TRPC4,0.09238095238095238
VSTM2A,0.09238095238095238
DLX6-AS1,0.09238095238095238
RPS27,0.0919047619047619
NANS,0.09095238095238095
CNTN5,0.09047619047619047
DUSP5,0.09047619047619047
RUNX2,0.09047619047619047
AKNAD1,0.09047619047619047
ZNF273,0.08904761904761904
PRKCB,0.08857142857142856
FAM149A,0.08857142857142856
TUBB4B,0.08857142857142856
SCN9A,0.08857142857142856
MYC,0.0880952380952381
IER2,0.08761904761904762
SPOCK1,0.08714285714285715
SPDYA,0.08714285714285715
PLXND1,0.08714285714285715
AC013463.2,0.08714285714285715
DNAH5,0.08666666666666667
LINC01021,0.08619047619047619
EMILIN2,0.08619047619047619
NR4A1,0.08619047619047619
PARPBP,0.08571428571428572
RORB,0.08523809523809524
MYH9,0.08476190476190476
MMP28,0.08476190476190476
SMOC1,0.08428571428571428
MT-ATP6,0.08428571428571428
RP11-608O21.1,0.08428571428571428
ZNF665,0.08428571428571428
RYR3,0.08428571428571428
SPNS2,0.0838095238095238
CTD-2060L22.1,0.0838095238095238
EDNRA,0.0838095238095238
KCNK9,0.08333333333333333
FXYD5,0.08333333333333333
CTC-458G6.2,0.08285714285714285
GNG5,0.08285714285714285
GABBR2,0.08285714285714285
PKIA,0.08285714285714285
WDR49,0.08285714285714285
FSIP2,0.08285714285714285
CPA4,0.08190476190476191
HS3ST2,0.08142857142857143
NALCN-AS1,0.08142857142857143
SCN7A,0.08095238095238096
PHLDB2,0.08095238095238096
NFKBIA,0.08095238095238096
KCNQ3,0.08047619047619048
LTF,0.08047619047619048
COL9A3,0.08047619047619048
UNC5C,0.08
LMCD1,0.07952380952380952
FGFR3,0.07952380952380952
ARHGAP18,0.07952380952380952
SVOP,0.07904761904761905
RP11-120D5.1,0.07904761904761905
MGP,0.07904761904761905
DRAXIN,0.07857142857142857
PCAT1,0.07809523809523809
HRASLS,0.07809523809523809
ALPK2,0.07809523809523809
PHKG1,0.07809523809523809
OLIG1,0.07761904761904762
ROBO3,0.07761904761904762
HS3ST1,0.07761904761904762
F13A1,0.07761904761904762
FXYD7,0.07714285714285714
LMOD1,0.07714285714285714
NPTX2,0.07666666666666666
DDX1,0.07666666666666666
AC079896.1,0.07666666666666666
RP11-15K19.2,0.07571428571428572
LMAN2,0.07523809523809524
ICAM1,0.07523809523809524
PLAT,0.07476190476190477
RHBDF2,0.07476190476190477
NKD1,0.07476190476190477
GSTP1,0.07476190476190477
AFAP1L1,0.07476190476190477
UXS1,0.07476190476190477
PYCR1,0.07476190476190477
CD74,0.07428571428571429
RACGAP1,0.07428571428571429
BTBD11,0.07380952380952381
CH507-513H4.1,0.07333333333333333
C6orf141,0.07333333333333333
EFEMP1,0.07333333333333333
RP4-655C5.9,0.07285714285714286
NNAT,0.07285714285714286
MSRB3,0.07238095238095238
ACTR1A,0.07238095238095238
ANKS1B,0.07238095238095238
SNAP25,0.07238095238095238
COL12A1,0.0719047619047619
RGS7BP,0.0719047619047619
PLEKHA3,0.07142857142857142
RP11-395D3.1,0.07095238095238095
ZNF189,0.07095238095238095
ADAMTS2,0.07095238095238095
TMEM165,0.07047619047619047
LINGO1,0.07047619047619047
LPAR6,0.07
FLJ33581,0.07
LINC00499,0.06952380952380953
RP9,0.06952380952380953
CCSER1,0.06952380952380953
ADAMTS14,0.06952380952380953
HMP19,0.06904761904761905
CEBPG,0.06904761904761905
CHCHD2,0.06857142857142857
FLVCR2,0.06857142857142857
CYR61,0.06857142857142857
ROR2,0.0680952380952381
ACAN,0.0680952380952381
RP11-420N3.2,0.0680952380952381
ABCA8,0.0680952380952381
PVRL3-AS1,0.0680952380952381
OST4,0.06761904761904762
PDGFD,0.06761904761904762
LAMA3,0.06761904761904762
CDCA3,0.06761904761904762
CASC21,0.06714285714285714
CD82,0.06714285714285714
LMNTD1,0.06666666666666667
KLHL29,0.06666666666666667
APOE,0.06666666666666667
CPED1,0.06666666666666667
RDH10,0.06666666666666667
RP11-443F4.1,0.06619047619047619
EEPD1,0.06619047619047619
SLC28A1,0.06619047619047619
RP11-290H9.2,0.06619047619047619
CDH7,0.06619047619047619
DNAH11,0.06571428571428571
AURKA,0.06571428571428571
AC003991.3,0.06523809523809523
E2F7,0.06523809523809523
SH3GL2,0.06476190476190476
RP11-129M6.1,0.06476190476190476
SYN3,0.06476190476190476
LINC01060,0.06476190476190476
GPR158,0.06428571428571428
ST6GAL1,0.06428571428571428
KCNB1,0.06428571428571428
RAB26,0.06428571428571428
ADIPOR1,0.06428571428571428
USP12-AS2,0.06380952380952382
DLGAP1,0.06380952380952382
CDKN2B-AS1,0.06333333333333334
FAM19A1,0.06333333333333334
AP000462.2,0.06333333333333334
RP5-1198O20.4,0.06333333333333334
GADD45G,0.06333333333333334
PLCG2,0.06333333333333334
SDC2,0.06285714285714286
RP5-1070A16.1,0.06285714285714286
LINC01314,0.06285714285714286
RP11-714L20.1,0.062380952380952384
FAM196A,0.062380952380952384
GNL3L,0.062380952380952384
CTD-2034I4.1,0.062380952380952384
MYCNOS,0.06190476190476191
ARFGAP1,0.06190476190476191
RIN2,0.06095238095238095
TINAGL1,0.06095238095238095
MFSD2A,0.06095238095238095
ALK,0.06095238095238095
SLC29A1,0.060476190476190475
GPN2,0.06
KRT10,0.06
SLC7A5,0.06
FILIP1,0.06
DAAM2,0.05952380952380952
MLIP,0.05952380952380952
AC002429.5,0.05952380952380952
RP11-157I4.4,0.05952380952380952
MIR217HG,0.05952380952380952
RP4-533D7.5,0.05904761904761905
SORCS1,0.05904761904761905
NOXRED1,0.05904761904761905
ANGPT1,0.05904761904761905
PLOD2,0.05904761904761905
MYO1F,0.05904761904761905
EYA1,0.05857142857142857
ZNF395,0.05857142857142857
EPB41,0.05857142857142857
CTDSP2,0.05857142857142857
LINC00337,0.05857142857142857
CTD-2561B21.7,0.05857142857142857
MYL9,0.058095238095238096
PTH1R,0.058095238095238096
CD55,0.058095238095238096
CIITA,0.05761904761904762
LTBP1,0.05761904761904762
HIST1H2BD,0.05714285714285714
RRP36,0.05714285714285714
GLI1,0.056666666666666664
FLT3,0.056666666666666664
FBN2,0.056666666666666664
LINC01266,0.056666666666666664
SEMA3G,0.05619047619047619
LINC01091,0.05619047619047619
RP11-356I2.4,0.05619047619047619
TFCP2L1,0.05619047619047619
SLC22A3,0.055714285714285716
CX3CL1,0.05523809523809524
C5orf46,0.05523809523809524
HEYL,0.05523809523809524
LIN7A,0.05523809523809524
PFKFB4,0.05523809523809524
SPC25,0.05523809523809524
HS6ST3,0.05523809523809524
CNTNAP2,0.05476190476190476
RAD54L,0.05476190476190476
PPARG,0.05476190476190476
RP11-507B12.2,0.05476190476190476
CNTN2,0.054285714285714284
AC092657.2,0.054285714285714284
DNAJC2,0.054285714285714284
CDKN1C,0.054285714285714284
GGT5,0.054285714285714284
SLC39A12,0.054285714285714284
AC097713.3,0.05380952380952381
LRAT,0.05380952380952381
PDPN,0.05333333333333334
GFPT2,0.05333333333333334
MIPOL1,0.05333333333333334
ST6GAL2,0.05285714285714286
COBLL1,0.05285714285714286
RP11-187O7.3,0.05285714285714286
C4orf22,0.05238095238095238
CPM,0.05238095238095238
AC090505.6,0.05238095238095238
HSPB1,0.051904761904761905
IGFBP3,0.051904761904761905
CELF4,0.051904761904761905
EBF2,0.051904761904761905
TRABD2B,0.05142857142857143
RP11-893F2.5,0.05142857142857143
RIMBP2,0.05142857142857143
NELL1,0.05142857142857143
HS3ST5,0.05142857142857143
ZNF16,0.05142857142857143
PNRC1,0.05142857142857143
RP1-167A14.2,0.05095238095238095
MGAT4C,0.05047619047619047
ADCY8,0.05047619047619047
CTD-2058B24.2,0.05047619047619047
RP11-751H17.1,0.05047619047619047
MEDAG,0.05047619047619047
RBFOX1,0.05
RGS16,0.05
PLXDC2,0.05
TNFAIP2,0.049523809523809526
EGLN3,0.04904761904761905
MT-ND6,0.04904761904761905
PODXL,0.04904761904761905
ARHGEF17,0.04904761904761905
CH507-528H12.1,0.04857142857142857
LRRC2,0.04857142857142857
SMAD3,0.04857142857142857
GALNT14,0.04857142857142857
ARC,0.048095238095238094
BMS1P14,0.048095238095238094
PLEKHA5,0.048095238095238094
VWA3A,0.048095238095238094
RUNDC3B,0.047619047619047616
ERO1A,0.047619047619047616
RTN4RL1,0.047619047619047616
SYNPO2,0.047619047619047616
TIMP3,0.047142857142857146
ATP2B4,0.047142857142857146
RAPGEF5,0.047142857142857146
SDK2,0.047142857142857146
ADRA1B,0.047142857142857146
RP11-418I22.3,0.047142857142857146
RP11-307P5.1,0.047142857142857146
RP11-281J9.2,0.047142857142857146
NUF2,0.04666666666666667
RGCC,0.04666666666666667
RAD51AP1,0.04666666666666667
NPTX1,0.04666666666666667
VAT1L,0.04619047619047619
CDKN3,0.04619047619047619
CA12,0.04619047619047619
EMB,0.045714285714285714
C5orf17,0.045714285714285714
CLCF1,0.045714285714285714
PTPRM,0.045714285714285714
TMEM154,0.045714285714285714
NOSTRIN,0.04523809523809524
CDH20,0.04523809523809524
RIT2,0.04523809523809524
MMP13,0.04523809523809524
MDM2,0.04476190476190476
LGR6,0.04476190476190476
RP11-649G15.2,0.04476190476190476
AC008103.3,0.04428571428571428
MTRNR2L8,0.04428571428571428
RP13-578N3.3,0.04428571428571428
SLC2A3,0.04428571428571428
SLC26A3,0.04428571428571428
TWIST2,0.04428571428571428
RASD1,0.04428571428571428
MMD2,0.04380952380952381
CA2,0.04380952380952381
PVRL2,0.04380952380952381
MROH8,0.04380952380952381
AXL,0.04380952380952381
ANLN,0.04380952380952381
SOX10,0.04380952380952381
NEIL3,0.043333333333333335
EFCAB3,0.043333333333333335
SAMD12,0.043333333333333335
LINC00152,0.04285714285714286
SLCO2B1,0.04285714285714286
GLP2R,0.04285714285714286
CCBE1,0.04238095238095238
CCDC62,0.04238095238095238
FOSL2,0.04238095238095238
PPP1R16B,0.04238095238095238
COL1A2,0.0419047619047619
RP11-116O11.1,0.0419047619047619
LPIN1,0.041428571428571426
CCNF,0.041428571428571426
GALNT10,0.041428571428571426
RP11-133F8.2,0.041428571428571426
PLCB4,0.041428571428571426
RP11-454P21.1,0.041428571428571426
PRDX4,0.041428571428571426
ENG,0.041428571428571426
CXCL1,0.041428571428571426
MASP1,0.040952380952380955
HAS2,0.040952380952380955
HIST1H2BN,0.040952380952380955
SLCO3A1,0.040952380952380955
NCAPH,0.040952380952380955
CACNA1A,0.040952380952380955
CPNE8,0.040952380952380955
STARD3,0.04047619047619048
TMEM132D,0.04047619047619048
HECW2,0.04
RP11-65I12.1,0.04
ARHGAP24,0.04
DNAH6,0.04
HLA-DRB1,0.04
AC016730.1,0.04
BCYRN1,0.039523809523809524
COL21A1,0.039523809523809524
TENM2,0.039523809523809524
MIR222HG,0.039523809523809524
AC007563.5,0.039047619047619046
TRIM47,0.039047619047619046
PPEF1,0.039047619047619046
PLEKHH1,0.03857142857142857
RP11-47I22.2,0.03857142857142857
LINC01141,0.03857142857142857
AHR,0.03857142857142857
ZFAND2A,0.03857142857142857
WIPF3,0.0380952380952381
EPSTI1,0.0380952380952381
LRRN2,0.0380952380952381
CADPS2,0.0380952380952381
HILPDA,0.0380952380952381
NRP1,0.03761904761904762
CA8,0.03761904761904762
MAF,0.03761904761904762
ZDHHC23,0.03761904761904762
ITGA2,0.03761904761904762
SEZ6,0.03761904761904762
CFAP61,0.03761904761904762
TNS3,0.03761904761904762
RASGRF2,0.03761904761904762
RP11-231C18.1,0.03761904761904762
RP11-625L16.1,0.037142857142857144
CYB5D2,0.037142857142857144
SERPINH1,0.037142857142857144
STC1,0.037142857142857144
DHRS2,0.037142857142857144
RNF219-AS1,0.037142857142857144
KCNAB1,0.037142857142857144
ITGBL1,0.037142857142857144
KMT5A,0.03666666666666667
CFAP47,0.03666666666666667
ARHGAP28,0.03666666666666667
CNTN4,0.03666666666666667
FBXO32,0.03666666666666667
COL28A1,0.03666666666666667
CFH,0.03666666666666667
SLIT2,0.03619047619047619
CEBPB,0.03619047619047619
COL7A1,0.03619047619047619
RP11-315A16.1,0.03619047619047619
AC079305.11,0.03619047619047619
CDON,0.03619047619047619
PDE3A,0.03619047619047619
PLCXD3,0.03571428571428571
ARL6IP1,0.03571428571428571
ISLR,0.03571428571428571
LINC00500,0.03571428571428571
LEFTY2,0.03571428571428571
BMF,0.035238095238095235
CCDC102B,0.035238095238095235
TPH1,0.034761904761904765
BMP6,0.034761904761904765
TRIM22,0.034761904761904765
CDR2L,0.034761904761904765
CTC-458I2.2,0.034761904761904765
ADAMTS12,0.03428571428571429
NKD2,0.03428571428571429
CCDC141,0.03428571428571429
IL1R1,0.03428571428571429
LINC00868,0.03428571428571429
CABLES1,0.03428571428571429
CACNG5,0.03380952380952381
ENO2,0.03380952380952381
UNC79,0.03380952380952381
ERRFI1,0.03380952380952381
BRCA2,0.03380952380952381
CACNA2D1,0.03380952380952381
SUMF2,0.03380952380952381
FOSL1,0.03333333333333333
CCDC26,0.03333333333333333
LINC00299,0.03333333333333333
COL6A2,0.03333333333333333
NR2F2-AS1,0.03333333333333333
CHSY3,0.03333333333333333
CYP4F11,0.03333333333333333
CCDC178,0.03333333333333333
FAP,0.03333333333333333
RP11-314P15.2,0.032857142857142856
XYLT1,0.032857142857142856
RCAN2,0.032857142857142856
ALPK3,0.032857142857142856
SLC16A6,0.03238095238095238
RP11-117D22.2,0.03238095238095238
ZNF804B,0.03238095238095238
AC007319.1,0.03238095238095238
LINC01170,0.03238095238095238
RANBP17,0.03238095238095238
ASCL1,0.03238095238095238
STIL,0.03238095238095238
KIF15,0.03238095238095238
SRGN,0.03238095238095238
RAB29,0.03190476190476191
IZUMO3,0.03190476190476191
UPP1,0.03190476190476191
ASIC2,0.03190476190476191
SYNPO,0.03190476190476191
PRICKLE1,0.03190476190476191
VWA3B,0.03190476190476191
PXDNL,0.03190476190476191
PROM1,0.03190476190476191
C2orf48,0.03142857142857143
ASB18,0.03142857142857143
C11orf21,0.03142857142857143
UBASH3B,0.03142857142857143
FOXC2,0.03142857142857143
NXT1,0.03142857142857143
NOV,0.030952380952380953
DOCK5,0.030952380952380953
KCNN3,0.030952380952380953
FAM95B1,0.030952380952380953
HS3ST3A1,0.030952380952380953
RRAD,0.030952380952380953
UHRF1,0.030952380952380953
MYT1,0.030952380952380953
AURKAIP1,0.030476190476190476
RGS17,0.030476190476190476
ST3GAL1,0.030476190476190476
SPHKAP,0.030476190476190476
DACH2,0.030476190476190476
PAFAH1B3,0.030476190476190476
CNN2,0.030476190476190476
IL6R,0.030476190476190476
KSR2,0.030476190476190476
NRN1,0.030476190476190476
RP11-6N13.1,0.030476190476190476
MARCH4,0.03
MEF2D,0.03
RNF122,0.03
HS3ST3B1,0.03
SYN2,0.03
IGSF21,0.03
ST8SIA5,0.03
TBC1D9,0.03
JUNB,0.029523809523809525
TTK,0.029523809523809525
KCNN2,0.029523809523809525
HSP90AB1,0.029523809523809525
LEF1,0.029523809523809525
RP11-557H15.4,0.029523809523809525
SAA1,0.029523809523809525
CHEK1,0.029523809523809525
CMTM8,0.029523809523809525
AC012593.1,0.029047619047619048
RP11-525K10.3,0.029047619047619048
C1orf95,0.029047619047619048
PIK3CD,0.029047619047619048
CPVL,0.029047619047619048
CACNG2,0.029047619047619048
SRCIN1,0.029047619047619048
MGAM,0.029047619047619048
RP4-545C24.1,0.029047619047619048
VIPR2,0.029047619047619048
STAC,0.029047619047619048
SEL1L3,0.029047619047619048
FOLH1,0.029047619047619048
FAM105A,0.029047619047619048
HEXA,0.029047619047619048
MT-ND4L,0.029047619047619048
B2M,0.029047619047619048
SULT1C4,0.029047619047619048
A2M,0.029047619047619048
MEGF11,0.029047619047619048
IKZF1,0.029047619047619048
PI4KB,0.029047619047619048
RPL13A,0.029047619047619048
JPH2,0.02857142857142857
EYS,0.02857142857142857
EPB41L4A-AS2,0.02857142857142857
RP11-317N12.1,0.02857142857142857
PPP1R1C,0.02857142857142857
RAB8B,0.02857142857142857
DLL3,0.02857142857142857
MYLK,0.02857142857142857
XXbac-BPG154L12.5,0.028095238095238097
ZNF251,0.028095238095238097
RP1-154K9.2,0.028095238095238097
SMAD9,0.028095238095238097
RAP1GAP2,0.028095238095238097
TTLL10,0.028095238095238097
PYGL,0.02761904761904762
LINC01411,0.02761904761904762
BMPER,0.02761904761904762
TMEM178A,0.02761904761904762
KCNIP4,0.02761904761904762
CEP55,0.02761904761904762
MCTP2,0.02761904761904762
PLIN2,0.02761904761904762
KCP,0.02761904761904762
SIM1,0.027142857142857142
RNASE1,0.027142857142857142
RDH10-AS1,0.027142857142857142
RGS3,0.027142857142857142
FGD5,0.027142857142857142
SV2B,0.027142857142857142
STPG1,0.027142857142857142
KCTD8,0.027142857142857142
RSPO2,0.02666666666666667
PQBP1,0.02666666666666667
RPL3,0.02666666666666667
APOD,0.02666666666666667
SLCO1B3,0.02666666666666667
RP11-30J20.1,0.02666666666666667
IRF1,0.02666666666666667
FRMPD2,0.02666666666666667
RP11-706D8.3,0.02666666666666667
ALDH1A1,0.02666666666666667
GUCA1A,0.02666666666666667
C1orf87,0.02666666666666667
PNPLA6,0.02666666666666667
FAM111B,0.02666666666666667
PAWR,0.02666666666666667
SVEP1,0.02619047619047619
CHST8,0.02619047619047619
SGCD,0.02619047619047619
RP11-231C18.3,0.02619047619047619
CPT1A,0.02619047619047619
CYP4F3,0.02619047619047619
STRA6,0.02619047619047619
HES4,0.02619047619047619
BIRC3,0.02619047619047619
MXD3,0.02619047619047619
ZDHHC9,0.02619047619047619
LINC01194,0.025714285714285714
CP,0.025714285714285714
GDF15,0.025714285714285714
NCF1,0.025714285714285714
TLL1,0.025714285714285714
STARD8,0.025714285714285714
HS6ST2,0.025714285714285714
ENTPD1,0.025714285714285714
LIPG,0.025714285714285714
TCEB2,0.025714285714285714
RP11-1102P16.1,0.025714285714285714
METTL3,0.025714285714285714
MYO16,0.025238095238095237
NWD2,0.025238095238095237
CHRFAM7A,0.025238095238095237
ADM,0.025238095238095237
CUL4B,0.025238095238095237
CNTNAP5,0.025238095238095237
SMYD2,0.025238095238095237
EDN1,0.025238095238095237
TMEM229B,0.024761904761904763
LRRC63,0.024761904761904763
GBE1,0.024761904761904763
DGKH,0.024761904761904763
RPS11,0.024761904761904763
IGDCC3,0.024761904761904763
NETO1,0.024761904761904763
SCAMP1,0.024761904761904763
CAMK2A,0.024285714285714285
MT-ND1,0.024285714285714285
GGT2,0.024285714285714285
KIAA1524,0.024285714285714285
WDR76,0.024285714285714285
AFAP1L2,0.024285714285714285
FOS,0.024285714285714285
LGALS9,0.024285714285714285
CHIC2,0.024285714285714285
ASF1B,0.024285714285714285
LPAR1,0.024285714285714285
RPS23,0.024285714285714285
TNFRSF12A,0.024285714285714285
DSG2-AS1,0.023809523809523808
ANGPTL4,0.023809523809523808
RP5-921G16.1,0.023809523809523808
ARHGAP22,0.023809523809523808
ARHGEF28,0.023809523809523808
VEPH1,0.023809523809523808
PLAU,0.023809523809523808
ATP5I,0.023809523809523808
DTHD1,0.023809523809523808
DCN,0.023809523809523808
AC009784.3,0.023809523809523808
NRG1,0.023809523809523808
MOXD1,0.023809523809523808
GALR1,0.023809523809523808
SLC16A12,0.023809523809523808
PARP12,0.023809523809523808
HES5,0.023333333333333334
DRC1,0.023333333333333334
LIMK2,0.023333333333333334
MYBL1,0.023333333333333334
MAN1C1,0.023333333333333334
ARHGAP15,0.023333333333333334
NLGN4Y,0.023333333333333334
LMO1,0.023333333333333334
PARVB,0.023333333333333334
CXCL3,0.023333333333333334
ZNF618,0.023333333333333334
CHRNA9,0.023333333333333334
TCIRG1,0.023333333333333334
NPSR1,0.023333333333333334
FOXM1,0.023333333333333334
GNLY,0.022857142857142857
RPS3A,0.022857142857142857
RP5-1139I1.1,0.022857142857142857
RP3-431P23.5,0.022857142857142857
PVT1,0.022857142857142857
BMP3,0.022857142857142857
CDC20,0.022857142857142857
SLC8A3,0.022857142857142857
ARHGEF4,0.022857142857142857
MDFIC,0.022857142857142857
WI2-87327B8.2,0.022857142857142857
FN1,0.022857142857142857
RCOR2,0.022857142857142857
ADIPOR2,0.022857142857142857
RP11-91I8.3,0.022857142857142857
GABRA2,0.02238095238095238
CSF3R,0.02238095238095238
RP11-343H5.6,0.02238095238095238
FGD6,0.02238095238095238
CLDN11,0.02238095238095238
HNRNPF,0.02238095238095238
ME1,0.02238095238095238
RP11-243A14.1,0.02238095238095238
ADAM32,0.02238095238095238
NRXN3,0.02238095238095238
SLC16A10,0.02238095238095238
ETNPPL,0.02238095238095238
C10orf90,0.02238095238095238
CHFR,0.02238095238095238
KLF6,0.02238095238095238
SMOC2,0.02238095238095238
CD81,0.02238095238095238
CNTNAP3,0.02238095238095238
MAML3,0.02238095238095238
NOTCH3,0.021904761904761906
MAPT-AS1,0.021904761904761906
NFATC2,0.021904761904761906
LRRC26,0.021904761904761906
COL13A1,0.021904761904761906
RP11-89K21.1,0.021904761904761906
MCM10,0.021904761904761906
SRRM3,0.021904761904761906
NUDT4,0.021904761904761906
AHCYL1,0.021904761904761906
HMMR,0.021904761904761906
MRVI1,0.021904761904761906
SLC35C2,0.021904761904761906
PGF,0.021904761904761906
RP11-563P16.1,0.021904761904761906
CAV1,0.021904761904761906
ZNF385D,0.021904761904761906
RP11-11H9.2,0.021904761904761906
MT-ND3,0.021904761904761906
RP11-59N23.1,0.02142857142857143
LDLR,0.02142857142857143
C10orf88,0.02142857142857143
PSME1,0.02142857142857143
NHS,0.02142857142857143
MAPK11,0.02142857142857143
ITGB4,0.02142857142857143
ITPR1,0.02142857142857143
PTCHD4,0.02142857142857143
MAST1,0.02142857142857143
RP1-209A6.1,0.02142857142857143
EPHA3,0.02142857142857143
MYO10,0.02142857142857143
AC016735.2,0.02142857142857143
UBB,0.02142857142857143
DDIT4,0.02095238095238095
TEAD2,0.02095238095238095
HSPB8,0.02095238095238095
RGS7,0.02095238095238095
PSMG1,0.02095238095238095
CASZ1,0.02095238095238095
SLC35F3,0.02095238095238095
CENPI,0.02095238095238095
HERC5,0.02095238095238095
CDH19,0.02095238095238095
CLSTN2,0.02095238095238095
UFD1L,0.02095238095238095
CHAF1A,0.02095238095238095
SPOCD1,0.02095238095238095
TPT1,0.02095238095238095
FANCD2,0.02095238095238095
NOX4,0.02095238095238095
PLSCR1,0.02095238095238095
RP11-99E15.2,0.020476190476190478
IKBKE,0.020476190476190478
DLX6,0.020476190476190478
HSP90AA1,0.020476190476190478
CTC-340A15.2,0.020476190476190478
RP11-841O20.2,0.020476190476190478
MACROD2,0.020476190476190478
TGFBR2,0.020476190476190478
FP325317.1,0.020476190476190478
KCNJ3,0.020476190476190478
SLC27A3,0.020476190476190478
CCDC64,0.020476190476190478
DLGAP5,0.02
POLR2F,0.02
BUB1B,0.02
DAD1,0.02
C11orf96,0.02
LINC01088,0.02
SYT14,0.02
FAM192A,0.02
SPATA17,0.02
HES1,0.02
RP11-192P3.4,0.02
STMN1,0.02
AKT1,0.02
GPLD1,0.02
FRMPD4,0.02
PLEKHG5,0.019523809523809523
GPR39,0.019523809523809523
WDR46,0.019523809523809523
RP4-678D15.1,0.019523809523809523
KLC1,0.019523809523809523
SLC11A1,0.019523809523809523
RP11-154H12.3,0.019523809523809523
STX16-NPEPL1,0.019523809523809523
PKN3,0.019523809523809523
ABCA12,0.019523809523809523
LGR5,0.019523809523809523
LINC01102,0.019523809523809523
XG,0.019523809523809523
MYO1E,0.019523809523809523
ATP1A2,0.019523809523809523
ANGPT2,0.019523809523809523
SLC1A1,0.019523809523809523
PRDM1,0.019523809523809523
GTSE1,0.01904761904761905
CEMIP,0.01904761904761905
DHRS3,0.01904761904761905
CD38,0.01904761904761905
LINC01482,0.01904761904761905
NTF3,0.01904761904761905
HES6,0.01904761904761905
DSTYK,0.01904761904761905
UNC5D,0.01904761904761905
ADGRE5,0.01904761904761905
HSPA1B,0.01904761904761905
SVIP,0.01904761904761905
MX1,0.01904761904761905
NSMF,0.01904761904761905
NEGR1,0.01904761904761905
GRM7,0.01904761904761905
COLEC12,0.01904761904761905
XRCC2,0.01904761904761905
SLC39A8,0.01904761904761905
RP11-268G12.3,0.01904761904761905
MARCH9,0.01904761904761905
TSHR,0.01904761904761905
STMN2,0.01904761904761905
RPL35,0.01904761904761905
WDR62,0.01904761904761905
WISP1,0.01904761904761905
TRPM3,0.01904761904761905
AC072062.1,0.018571428571428572
BEST3,0.018571428571428572
CTD-2541J13.2,0.018571428571428572
PTPRD,0.018571428571428572
RPL11,0.018571428571428572
ERICH1-AS1,0.018571428571428572
NXN,0.018571428571428572
ARHGAP10,0.018571428571428572
CEBPD,0.018571428571428572
FAT4,0.018571428571428572
C7,0.018571428571428572
FAM20A,0.018571428571428572
NXPH1,0.018571428571428572
POU2F2,0.018571428571428572
RASGRP2,0.018095238095238095
FSTL5,0.018095238095238095
LUCAT1,0.018095238095238095
RP5-921G16.2,0.018095238095238095
CCDC60,0.018095238095238095
PAQR8,0.018095238095238095
DPYD,0.018095238095238095
PDLIM1,0.018095238095238095
GBP5,0.018095238095238095
RPS28,0.017619047619047618
RAB19,0.017619047619047618
CHD5,0.017619047619047618
GNA14,0.017619047619047618
RPS15,0.017619047619047618
T,0.017619047619047618
SSR4,0.017619047619047618
ITGA3,0.017619047619047618
PDE8B,0.017619047619047618
MIR137HG,0.017619047619047618
LAMP3,0.017619047619047618
PTK2B,0.017619047619047618
NOVA2,0.017619047619047618
SERPINB9,0.017619047619047618
PDLIM7,0.017619047619047618
FBXO43,0.017619047619047618
SLC7A11,0.017619047619047618
CH17-437K3.1,0.017619047619047618
RPS13,0.017142857142857144
KCNH8,0.017142857142857144
AJAP1,0.017142857142857144
PIEZO2,0.017142857142857144
ATP8A2,0.017142857142857144
VRK2,0.017142857142857144
TACC3,0.017142857142857144
PROS1,0.017142857142857144
F11-AS1,0.017142857142857144
CD109,0.017142857142857144
THSD4,0.017142857142857144
DYSF,0.017142857142857144
KITLG,0.017142857142857144
PDE10A,0.017142857142857144
RFC3,0.017142857142857144
AIM1,0.017142857142857144
PEX5L,0.017142857142857144
RP11-328J2.1,0.017142857142857144
ATPAF2,0.017142857142857144
SLC38A5,0.017142857142857144
ESPL1,0.016666666666666666
CXCL12,0.016666666666666666
RGS20,0.016666666666666666
INPP5D,0.016666666666666666
ZNF808,0.016666666666666666
ROR1,0.016666666666666666
CARNS1,0.016666666666666666
SLC4A11,0.016666666666666666
NHLH1,0.016666666666666666
EPAS1,0.016666666666666666
SLC2A1,0.016666666666666666
CDH6,0.016666666666666666
GMPR,0.016666666666666666
PLEKHA1,0.016666666666666666
HSPA4L,0.016666666666666666
FANCD2OS,0.016666666666666666
MIR646HG,0.016666666666666666
NDC80,0.016666666666666666
OTX2,0.016666666666666666
SLC37A3,0.016666666666666666
KCNQ1,0.016666666666666666
TNFRSF25,0.016666666666666666
KIAA1211L,0.016666666666666666
CLMN,0.016666666666666666
SHC1,0.016666666666666666
RTKN2,0.016666666666666666
TDRP,0.016666666666666666
DNM3OS,0.016666666666666666
LINC01551,0.01619047619047619
HIST1H2BB,0.01619047619047619
S100A4,0.01619047619047619
TBC1D22B,0.01619047619047619
MIS18BP1,0.01619047619047619
GHR,0.01619047619047619
RP11-388G22.1,0.01619047619047619
PTX3,0.01619047619047619
TNFAIP3,0.01619047619047619
COL2A1,0.01619047619047619
TGFBI,0.01619047619047619
SYNM,0.01619047619047619
RBM20,0.01619047619047619
RP11-554D15.1,0.01619047619047619
MATN1,0.01619047619047619
TM6SF1,0.01619047619047619
SLC44A3,0.015714285714285715
MIR210HG,0.015714285714285715
HRH1,0.015714285714285715
TMTC1,0.015714285714285715
GREB1L,0.015714285714285715
MTUS2,0.015714285714285715
TMEM159,0.015714285714285715
BCL11B,0.015714285714285715
PTGS1,0.015714285714285715
KPNA2,0.015714285714285715
GALNT18,0.015714285714285715
CRIM1,0.015714285714285715
CAMP,0.015714285714285715
TGFB2,0.015238095238095238
HMCN1,0.015238095238095238
SPON1,0.015238095238095238
LHFPL2,0.015238095238095238
NKAIN4,0.015238095238095238
TTC22,0.015238095238095238
ACTA2,0.015238095238095238
DHDH,0.015238095238095238
RP11-123O10.4,0.015238095238095238
NDRG1,0.015238095238095238
MYOM1,0.015238095238095238
RGS2,0.015238095238095238
RELB,0.015238095238095238
UGCG,0.015238095238095238
PTEN,0.015238095238095238
S1PR3,0.015238095238095238
RARB,0.015238095238095238
KMT2E-AS1,0.015238095238095238
GFRA1,0.015238095238095238
PAPLN,0.015238095238095238
HSPE1-MOB4,0.015238095238095238
ANKRD1,0.015238095238095238
PRR11,0.015238095238095238
FAM160A1,0.015238095238095238
RASAL2,0.015238095238095238
AC010127.3,0.015238095238095238
DIO2,0.014761904761904763
RP11-649A16.1,0.014761904761904763
OSMR,0.014761904761904763
RGS1,0.014761904761904763
CTD-2215L10.1,0.014761904761904763
TRIB2,0.014761904761904763
CTD-2278I10.6,0.014761904761904763
EDNRB,0.014761904761904763
RP11-417F21.2,0.014761904761904763
MX2,0.014761904761904763
SLC6A6,0.014761904761904763
RP11-159F24.5,0.014761904761904763
DHFR,0.014761904761904763
PSMA1,0.014761904761904763
C1QL1,0.014761904761904763
TENM3,0.014761904761904763
TBC1D4,0.014761904761904763
SAMD5,0.014761904761904763
PPIL6,0.014761904761904763
SDC4,0.014761904761904763
DOC2A,0.014761904761904763
ANP32D,0.014761904761904763
LINC01524,0.014761904761904763
PPM1H,0.014285714285714285
CHST15,0.014285714285714285
ALDH1A2,0.014285714285714285
NPAS2,0.014285714285714285
CHRNA1,0.014285714285714285
YPEL2,0.014285714285714285
ADAMTS16,0.014285714285714285
RP11-76I14.1,0.014285714285714285
KCND3,0.014285714285714285
TMEM45A,0.014285714285714285
OAS3,0.014285714285714285
ETS1,0.014285714285714285
MYLK2,0.014285714285714285
LRFN5,0.014285714285714285
RP1-148H17.1,0.014285714285714285
GLIS1,0.014285714285714285
ZNF563,0.014285714285714285
ANOS1,0.014285714285714285
PLEKHG1,0.014285714285714285
C1orf54,0.014285714285714285
RFX8,0.014285714285714285
PMEPA1,0.014285714285714285
MYO1D,0.014285714285714285
CXCL10,0.01380952380952381
GUCY1B3,0.01380952380952381
ST18,0.01380952380952381
CTD-2509G16.5,0.01380952380952381
MOCS1,0.01380952380952381
BNC2,0.01380952380952381
VRK1,0.01380952380952381
GJA1,0.01380952380952381
RP11-138I17.1,0.01380952380952381
HAPLN1,0.01380952380952381
UNC5B,0.01380952380952381
RPS12,0.01380952380952381
RP11-902B17.1,0.01380952380952381
AEBP1,0.01380952380952381
METTL1,0.01380952380952381
PTPRT,0.01380952380952381
DDIT3,0.01380952380952381
FAM107B,0.01380952380952381
RP11-146I2.1,0.01380952380952381
NKAIN2,0.013333333333333334
ATP1B2,0.013333333333333334
ST8SIA6,0.013333333333333334
RP11-366L20.2,0.013333333333333334
TNFRSF10D,0.013333333333333334
S100B,0.013333333333333334
SEZ6L,0.013333333333333334
NR5A2,0.013333333333333334
NUPR1,0.013333333333333334
ANKH,0.013333333333333334
AC011288.2,0.013333333333333334
RP11-152L20.3,0.013333333333333334
FRAS1,0.013333333333333334
RND3,0.013333333333333334
PLXNA2,0.013333333333333334
RP11-69I8.3,0.013333333333333334
RPL34,0.013333333333333334
TSPYL2,0.013333333333333334
CTC-575N7.1,0.013333333333333334
FAM162A,0.013333333333333334
PI3,0.013333333333333334
CD2,0.013333333333333334
ABCA13,0.013333333333333334
RP1-78O14.1,0.013333333333333334
PRNCR1,0.013333333333333334
GBP1,0.012857142857142857
RP11-467L24.1,0.012857142857142857
NOS2,0.012857142857142857
GAS2L3,0.012857142857142857
RP11-309M23.1,0.012857142857142857
MXRA7,0.012857142857142857
GRB14,0.012857142857142857
ZFP36,0.012857142857142857
SAT1,0.012857142857142857
BHLHE40,0.012857142857142857
METTL2A,0.012857142857142857
WIF1,0.012857142857142857
SGOL1,0.012857142857142857
HBA1,0.012857142857142857
KIF4A,0.012857142857142857
ADGRL2,0.012857142857142857
RPL39,0.012857142857142857
THBS1,0.012857142857142857
PENK,0.012857142857142857
CDKN1A,0.012857142857142857
KIAA1217,0.012857142857142857
ADGRV1,0.012857142857142857
ARHGAP11B,0.012857142857142857
ARPP21,0.012857142857142857
SH3GL3,0.012857142857142857
ACSBG1,0.012857142857142857
LINC01099,0.012857142857142857
DPEP1,0.012380952380952381
NDUFB10,0.012380952380952381
TNNT3,0.012380952380952381
PTCHD2,0.012380952380952381
ABCG2,0.012380952380952381
EPHA5,0.012380952380952381
TSTA3,0.012380952380952381
FOXN4,0.012380952380952381
APCDD1,0.012380952380952381
MICAL2,0.012380952380952381
MDFI,0.012380952380952381
CD34,0.012380952380952381
BAG6,0.012380952380952381
AF121898.3,0.012380952380952381
PAX3,0.012380952380952381
UBE2T,0.012380952380952381
GRIN2B,0.012380952380952381
LINC01629,0.012380952380952381
MEGF6,0.012380952380952381
PLEKHG4B,0.012380952380952381
LRRC3B,0.012380952380952381
EFNB2,0.012380952380952381
NID1,0.012380952380952381
RP11-703H8.7,0.012380952380952381
GLCCI1,0.011904761904761904
ITM2B,0.011904761904761904
RPS18,0.011904761904761904
AP000282.2,0.011904761904761904
ZNF367,0.011904761904761904
RP11-143I21.1,0.011904761904761904
CD83,0.011904761904761904
HDAC5,0.011904761904761904
MND1,0.011904761904761904
VWC2,0.011904761904761904
JAK3,0.011904761904761904
KIAA0040,0.011904761904761904
NEU4,0.011904761904761904
TRPC5,0.011904761904761904
BCAS1,0.011904761904761904
GNAI1,0.011904761904761904
PCDH11Y,0.011904761904761904
SMARCA5,0.011904761904761904
AC018731.3,0.011904761904761904
HPCAL1,0.011904761904761904
CRIP2,0.011904761904761904
AC019117.1,0.011904761904761904
IER5,0.011904761904761904
RP11-284F21.9,0.011904761904761904
IRAK3,0.011904761904761904
TMEM132C,0.011904761904761904
UBE2S,0.011904761904761904
MGST1,0.011904761904761904
DCDC1,0.011904761904761904
RP11-328P23.4,0.011428571428571429
RP11-739N20.2,0.011428571428571429
SGCZ,0.011428571428571429
EHD4,0.011428571428571429
RP11-745C15.2,0.011428571428571429
P2RX7,0.011428571428571429
TSPAN18,0.011428571428571429
VGF,0.011428571428571429
DUSP6,0.011428571428571429
LURAP1L-AS1,0.011428571428571429
SEPT14,0.011428571428571429
JPH4,0.011428571428571429
GCH1,0.011428571428571429
GEMIN2,0.011428571428571429
ANO5,0.011428571428571429
PPP1R15A,0.011428571428571429
PREX2,0.011428571428571429
ZNF347,0.011428571428571429
PAPPA,0.011428571428571429
ITGA8,0.011428571428571429
PADI2,0.010952380952380953
CHRNA5,0.010952380952380953
BNIP3,0.010952380952380953
EYA4,0.010952380952380953
RAB27B,0.010952380952380953
SAPCD2,0.010952380952380953
RP11-20A20.2,0.010952380952380953
FRMD4A,0.010952380952380953
TPRX1,0.010952380952380953
ITGA10,0.010952380952380953
RASSF4,0.010952380952380953
U91319.1,0.010952380952380953
CCDC85A,0.010952380952380953
PPIB,0.010952380952380953
TNR,0.010952380952380953
MARCH3,0.010952380952380953
CTD-2507G9.1,0.010952380952380953
FAM110D,0.010952380952380953
CHI3L1,0.010476190476190476
PTGES,0.010476190476190476
TNFRSF4,0.010476190476190476
RP11-161I6.2,0.010476190476190476
ANKRD37,0.010476190476190476
SCN3A,0.010476190476190476
SCFD2,0.010476190476190476
CDKN2A,0.010476190476190476
AURKB,0.010476190476190476
CKB,0.010476190476190476
VWC2L,0.010476190476190476
SGPP2,0.010476190476190476
IFI44L,0.010476190476190476
IQSEC3,0.010476190476190476
PCAT4,0.010476190476190476
CNTNAP4,0.010476190476190476
ELN,0.010476190476190476
FAM13C,0.010476190476190476
PLP1,0.010476190476190476
MCM8,0.010476190476190476
AC003092.1,0.010476190476190476
TEX41,0.010476190476190476
TPI1,0.010476190476190476
EEF2,0.010476190476190476
MCM3,0.01
COL22A1,0.01
BAG3,0.01
RAI14,0.01
GBP2,0.01
MSN,0.01
AGTRAP,0.01
COL4A2,0.01
ADGRE2,0.01
C10orf11,0.01
ATAD2,0.01
RP11-115J23.1,0.01
RPS5,0.01
LHX4,0.01
RAB7B,0.01
FLRT2,0.01
S1PR1,0.01
HECW1,0.01
SORCS3,0.01
CLOCK,0.01
TIE1,0.01
IFITM2,0.009523809523809525
AC091878.1,0.009523809523809525
SYTL4,0.009523809523809525
GALNT15,0.009523809523809525
FSTL4,0.009523809523809525
SERPINI2,0.009523809523809525
ZFP36L2,0.009523809523809525
SCG2,0.009523809523809525
LRRC56,0.009523809523809525
ADAMTS18,0.009523809523809525
CASC5,0.009523809523809525
TBC1D31,0.009523809523809525
ATCAY,0.009523809523809525
GLYATL2,0.009523809523809525
FERMT1,0.009523809523809525
LUZP2,0.009523809523809525
LIG1,0.009523809523809525
MFAP4,0.009523809523809525
RP1-101G11.3,0.009523809523809525
PLPPR1,0.009523809523809525
CRB2,0.009523809523809525
LAMB1,0.009523809523809525
OR2B6,0.009523809523809525
RPL13,0.009523809523809525
RP11-370F5.4,0.009523809523809525
RPL19,0.009523809523809525
NUSAP1,0.009523809523809525
AC000111.6,0.009523809523809525
RP11-46H11.12,0.009523809523809525
SVIL,0.009523809523809525
RPL8,0.009523809523809525
CD9,0.009523809523809525
SPC24,0.009523809523809525
RPLP1,0.009047619047619047
PRPH2,0.009047619047619047
CFI,0.009047619047619047
IER3,0.009047619047619047
RP11-556E13.1,0.009047619047619047
FANCI,0.009047619047619047
WBSCR17,0.009047619047619047
AQP4,0.009047619047619047
NRP2,0.009047619047619047
HBEGF,0.009047619047619047
SEPT4-AS1,0.009047619047619047
HSPH1,0.009047619047619047
UBC,0.009047619047619047
PRDX1,0.009047619047619047
SLC17A9,0.009047619047619047
B4GALT1,0.009047619047619047
KCNH7,0.009047619047619047
SSTR2,0.009047619047619047
CTD-3074O7.5,0.009047619047619047
RP1-167O22.1,0.009047619047619047
EMCN,0.009047619047619047
ITGAX,0.009047619047619047
TSHZ2,0.009047619047619047
FLG-AS1,0.009047619047619047
F3,0.009047619047619047
OSGEPL1,0.009047619047619047
AFAP1,0.009047619047619047
DLX5,0.009047619047619047
PAX5,0.009047619047619047
RPSA,0.009047619047619047
TMEM132B,0.009047619047619047
C22orf34,0.009047619047619047
CYP7B1,0.009047619047619047
ADAMTS3,0.008571428571428572
SLC25A18,0.008571428571428572
RGS22,0.008571428571428572
CDH13,0.008571428571428572
PGK1,0.008571428571428572
IL1R2,0.008571428571428572
RP11-503C24.4,0.008571428571428572
METTL18,0.008571428571428572
PAMR1,0.008571428571428572
ITGA1,0.008571428571428572
EFNA5,0.008571428571428572
C3,0.008571428571428572
RALYL,0.008571428571428572
CTD-3179P9.1,0.008571428571428572
CTD-2187J20.1,0.008571428571428572
CXCL8,0.008571428571428572
AC005618.6,0.008571428571428572
SPSB1,0.008571428571428572
SERPINE1,0.008571428571428572
PCDH9-AS2,0.008571428571428572
PRSS23,0.008571428571428572
MB21D1,0.008571428571428572
TMEM176B,0.008571428571428572
CENPU,0.008571428571428572
SMPD3,0.008571428571428572
ARID3A,0.008095238095238095
NMNAT2,0.008095238095238095
COL25A1,0.008095238095238095
MEIG1,0.008095238095238095
PDK1,0.008095238095238095
HSPA1A,0.008095238095238095
ADCY4,0.008095238095238095
CKAP2,0.008095238095238095
COL11A1,0.008095238095238095
AGBL1,0.008095238095238095
ELAVL2,0.008095238095238095
ELP6,0.008095238095238095
BCO1,0.008095238095238095
PLD1,0.008095238095238095
KIAA0319,0.008095238095238095
TGFBR3,0.008095238095238095
GUCY1A3,0.008095238095238095
RPL6,0.008095238095238095
S100A10,0.008095238095238095
EOGT,0.008095238095238095
CPNE4,0.008095238095238095
PRKAR2B,0.008095238095238095
ARHGEF15,0.008095238095238095
RP11-1151B14.1,0.008095238095238095
KCTD16,0.008095238095238095
KDR,0.008095238095238095
CD40,0.008095238095238095
ALPK1,0.008095238095238095
CTD-2342J14.6,0.008095238095238095
RP11-277P12.20,0.008095238095238095
DAPK1,0.008095238095238095
DCX,0.008095238095238095
CYYR1,0.008095238095238095
RP11-677M14.2,0.008095238095238095
PRAME,0.008095238095238095
FRMD3,0.007619047619047619
ARHGAP44,0.007619047619047619
LA16c-390H2.4,0.007619047619047619
PALMD,0.007619047619047619
RP11-798K3.4,0.007619047619047619
ZBTB7C,0.007619047619047619
CDC25C,0.007619047619047619
SLC14A1,0.007619047619047619
POSTN,0.007619047619047619
LRRC7,0.007619047619047619
RP11-175K6.1,0.007619047619047619
C7orf33,0.007619047619047619
SH3BP5,0.007619047619047619
RP11-345F18.1,0.007619047619047619
DOCK9,0.007619047619047619
ADARB2,0.007619047619047619
PDGFRA,0.007619047619047619
ZGRF1,0.007619047619047619
RPS25,0.007619047619047619
RPL27,0.007619047619047619
RASGEF1C,0.007619047619047619
ACTN1,0.007619047619047619
RP11-219G17.4,0.007619047619047619
VWCE,0.007619047619047619
ADAM12,0.007619047619047619
RP1-122P22.2,0.007619047619047619
RP11-78F17.1,0.007619047619047619
HIST1H2AC,0.007619047619047619
OCIAD2,0.007619047619047619
KIF24,0.007619047619047619
ITIH5,0.007619047619047619
GRIA1,0.007619047619047619
PLD5,0.007619047619047619
RP11-3J1.1,0.007619047619047619
PLPP4,0.007619047619047619
HEPN1,0.007619047619047619
SPON2,0.007619047619047619
CACYBP,0.007619047619047619
PIF1,0.007619047619047619
MAOB,0.007142857142857143
RPL18,0.007142857142857143
AP003900.6,0.007142857142857143
RBPMS,0.007142857142857143
LNX1,0.007142857142857143
NTRK2,0.007142857142857143
SPRY4,0.007142857142857143
GABRB3,0.007142857142857143
ZC3H11A,0.007142857142857143
AKAP12,0.007142857142857143
ITPKB,0.007142857142857143
SLC39A14,0.007142857142857143
OR51E1,0.007142857142857143
ERC2,0.007142857142857143
USP19,0.007142857142857143
CADPS,0.007142857142857143
MKRN1,0.007142857142857143
ST8SIA2,0.007142857142857143
PANK4,0.007142857142857143
PDE6B,0.007142857142857143
VOPP1,0.007142857142857143
LINC01193,0.007142857142857143
FITM1,0.007142857142857143
SH3PXD2A,0.007142857142857143
C8orf34,0.007142857142857143
HMGB3,0.007142857142857143
ANKRD33B,0.007142857142857143
GYG2,0.007142857142857143
XIST,0.007142857142857143
SKA3,0.007142857142857143
ZNF730,0.007142857142857143
LSM1,0.007142857142857143
SRRM4,0.007142857142857143
CA9,0.007142857142857143
C4orf48,0.007142857142857143
CHORDC1,0.007142857142857143
CD24,0.007142857142857143
CYSLTR2,0.007142857142857143
CDC45,0.007142857142857143
HAP1,0.006666666666666667
TTC39A,0.006666666666666667
HIST1H4C,0.006666666666666667
MYOF,0.006666666666666667
PLXNA4,0.006666666666666667
PDGFRB,0.006666666666666667
AC006296.1,0.006666666666666667
ZC3H12B,0.006666666666666667
RHPN1,0.006666666666666667
DEPDC1,0.006666666666666667
DLGAP1-AS5,0.006666666666666667
RP11-983G14.1,0.006666666666666667
DEPDC1B,0.006666666666666667
RFTN1,0.006666666666666667
SHD,0.006666666666666667
CD163,0.006666666666666667
ANK1,0.006666666666666667
POU6F2-AS2,0.006666666666666667
SEC14L2,0.006666666666666667
SYK,0.006666666666666667
IL32,0.006666666666666667
RP11-231C14.7,0.006666666666666667
HSD17B14,0.006666666666666667
RP11-407N17.3,0.006666666666666667
APLN,0.006666666666666667
SYNJ2,0.006666666666666667
CDH18,0.006666666666666667
EPHA7,0.006666666666666667
CTD-2298J14.2,0.006190476190476191
COL23A1,0.006190476190476191
FMN1,0.006190476190476191
PALD1,0.006190476190476191
KIAA1462,0.006190476190476191
VEGFC,0.006190476190476191
PCAT19,0.006190476190476191
PTCHD1,0.006190476190476191
FTL,0.006190476190476191
LHX1,0.006190476190476191
MIAT,0.006190476190476191
HCFC1,0.006190476190476191
RP11-463H12.2,0.006190476190476191
SLC5A4,0.006190476190476191
RP1-34H18.1,0.006190476190476191
SERPINE2,0.006190476190476191
SCN1A,0.006190476190476191
INSIG2,0.006190476190476191
LINC00632,0.006190476190476191
INPP5B,0.006190476190476191
CLSPN,0.006190476190476191
CALCRL,0.005714285714285714
RASGEF1B,0.005714285714285714
RP11-768F21.1,0.005714285714285714
CLEC12A,0.005714285714285714
RP1-84O15.2,0.005714285714285714
RPL38,0.005714285714285714
CXCL2,0.005714285714285714
MMP9,0.005714285714285714
NEK2,0.005714285714285714
RPL32,0.005714285714285714
LL22NC03-75H12.2,0.005714285714285714
LAMA4,0.005714285714285714
ZCCHC24,0.005714285714285714
SMC4,0.005714285714285714
FAM155A,0.005714285714285714
MTURN,0.005714285714285714
PRC1,0.005714285714285714
PLXDC1,0.005714285714285714
RAB20,0.005714285714285714
TMEFF2,0.005714285714285714
ELAVL4,0.005714285714285714
HMGB2,0.005714285714285714
TESK2,0.005714285714285714
FAM83D,0.005714285714285714
CACNB2,0.005714285714285714
PART1,0.005714285714285714
TRAC,0.005714285714285714
RGS5,0.005714285714285714
TM4SF18,0.005714285714285714
EMP1,0.005714285714285714
DLL4,0.005714285714285714
ELK4,0.005238095238095238
OPCML,0.005238095238095238
CLVS1,0.005238095238095238
DTL,0.005238095238095238
NMU,0.005238095238095238
LINC01445,0.005238095238095238
HIST1H3A,0.005238095238095238
SNTG2,0.005238095238095238
SNRPE,0.005238095238095238
RP11-115D19.1,0.005238095238095238
ANPEP,0.005238095238095238
EBF3,0.005238095238095238
RPS24,0.005238095238095238
EMC1,0.005238095238095238
TTC29,0.005238095238095238
PDE3B,0.005238095238095238
AC000032.2,0.005238095238095238
DLC1,0.005238095238095238
STAB1,0.005238095238095238
LIN9,0.005238095238095238
AF064858.6,0.005238095238095238
FAM189A1,0.005238095238095238
NR1H4,0.005238095238095238
CHRNA7,0.005238095238095238
IL4I1,0.005238095238095238
EHD3,0.005238095238095238
COL9A1,0.005238095238095238
MEG8,0.005238095238095238
PAPSS2,0.005238095238095238
LRRC9,0.005238095238095238
RP11-121P12.1,0.005238095238095238
ZNF98,0.005238095238095238
RP11-25H12.1,0.005238095238095238
CXCL14,0.005238095238095238
TAF8,0.005238095238095238
HSPG2,0.005238095238095238
POU6F2,0.005238095238095238
PRR16,0.005238095238095238
KCNJ6,0.005238095238095238
RP11-789C2.1,0.004761904761904762
SNRPN,0.004761904761904762
CYTH3,0.004761904761904762
C8orf22,0.004761904761904762
PRELID2,0.004761904761904762
LSAMP-AS1,0.004761904761904762
OLFM1,0.004761904761904762
PTPRN2,0.004761904761904762
LMO3,0.004761904761904762
USP46,0.004761904761904762
NOL4L,0.004761904761904762
RP11-650L12.1,0.004761904761904762
RP13-143G15.4,0.004761904761904762
ABCA9,0.004761904761904762
TP73,0.004761904761904762
PLVAP,0.004761904761904762
PCDH7,0.004761904761904762
TGM2,0.004761904761904762
SNAP25-AS1,0.004761904761904762
MAPK4,0.004761904761904762
KIF20A,0.004761904761904762
CDK18,0.004761904761904762
CEP152,0.004761904761904762
COX6A1,0.004761904761904762
CDK1,0.004761904761904762
COL5A2,0.004761904761904762
LINC00470,0.004761904761904762
CSRP2,0.004761904761904762
UNC5A,0.004761904761904762
RP11-962G15.1,0.004761904761904762
RP4-668E10.4,0.004761904761904762
AC253572.1,0.004761904761904762
SPP1,0.004761904761904762
ASPM,0.004761904761904762
SLIT3,0.004761904761904762
LRRC36,0.004761904761904762
NTNG1,0.004761904761904762
RNF152,0.004761904761904762
GAS2,0.004761904761904762
RNF144B,0.004761904761904762
CPLX4,0.004285714285714286
GRK5,0.004285714285714286
RCSD1,0.004285714285714286
LAMA1,0.004285714285714286
PCOLCE,0.004285714285714286
RP11-394O4.5,0.004285714285714286
CXCR4,0.004285714285714286
KCNC2,0.004285714285714286
SYT6,0.004285714285714286
PRKG2,0.004285714285714286
TNFRSF14,0.004285714285714286
HMOX1,0.004285714285714286
CCNG2,0.004285714285714286
ITM2C,0.004285714285714286
RAB3C,0.004285714285714286
BIRC5,0.004285714285714286
TCAF2,0.004285714285714286
ELL2,0.004285714285714286
LINGO2,0.004285714285714286
CDA,0.004285714285714286
RP11-670E13.6,0.004285714285714286
GPC2,0.004285714285714286
GRM3,0.004285714285714286
TBL3,0.004285714285714286
MCTP1,0.004285714285714286
FAU,0.004285714285714286
FBXO42,0.0038095238095238095
SDK1,0.0038095238095238095
SAMD12-AS1,0.0038095238095238095
KCNG2,0.0038095238095238095
TIMP1,0.0038095238095238095
ID2,0.0038095238095238095
PEG10,0.0038095238095238095
USP9Y,0.0038095238095238095
THSD7A,0.0038095238095238095
VWF,0.0038095238095238095
CHD1L,0.0038095238095238095
CDYL2,0.0038095238095238095
DNMBP,0.0038095238095238095
HOPX,0.0038095238095238095
HS3ST4,0.0038095238095238095
CFTR,0.0038095238095238095
RP11-4B16.3,0.0038095238095238095
RPL41,0.0038095238095238095
TUSC3,0.0038095238095238095
YOD1,0.0038095238095238095
SLC44A5,0.0038095238095238095
AP000472.2,0.0038095238095238095
DPM2,0.0038095238095238095
CENPE,0.0038095238095238095
AP1S3,0.0038095238095238095
LINC01013,0.0038095238095238095
BTNL9,0.0038095238095238095
C2orf83,0.0038095238095238095
CASC8,0.0038095238095238095
RP11-375B1.1,0.0038095238095238095
SNHG23,0.0038095238095238095
IL34,0.0038095238095238095
MCAM,0.0038095238095238095
LGALS3,0.0038095238095238095
RP11-384J4.2,0.0038095238095238095
CACNA1E,0.0038095238095238095
LOXL2,0.0038095238095238095
TNFSF8,0.0038095238095238095
KCNE3,0.0038095238095238095
RP11-797D24.3,0.0038095238095238095
TES,0.0038095238095238095
GRID2,0.0038095238095238095
ROBO4,0.0038095238095238095
RP11-561I11.4,0.0038095238095238095
SUSD5,0.0038095238095238095
FBLN1,0.0038095238095238095
GULP1,0.0038095238095238095
IGFBP2,0.0038095238095238095
RP11-759A24.3,0.0038095238095238095
DNASE1L1,0.0038095238095238095
SYTL2,0.0038095238095238095
BRINP2,0.0038095238095238095
NHSL2,0.0038095238095238095
EGFLAM,0.0038095238095238095
UBA52,0.0038095238095238095
IL15RA,0.0038095238095238095
UTY,0.0033333333333333335
TOP2A,0.0033333333333333335
ARRDC3,0.0033333333333333335
CHPF,0.0033333333333333335
CTD-2337A12.1,0.0033333333333333335
MEG3,0.0033333333333333335
MYT1L,0.0033333333333333335
AC067960.1,0.0033333333333333335
RP13-297E16.5,0.0033333333333333335
CDH5,0.0033333333333333335
PCLO,0.0033333333333333335
NAMPT,0.0033333333333333335
MT-CYB,0.0033333333333333335
MIR4435-2HG,0.0033333333333333335
VGLL3,0.0033333333333333335
RASGRP3,0.0033333333333333335
SST,0.0033333333333333335
SYNPR,0.0033333333333333335
SLCO1C1,0.0033333333333333335
BLK,0.0033333333333333335
RP11-284F21.10,0.0033333333333333335
AC010084.1,0.0033333333333333335
ANO4,0.0033333333333333335
MYO1B,0.0033333333333333335
CAMK4,0.0033333333333333335
TROAP,0.0033333333333333335
IGF2BP1,0.0033333333333333335
CD63,0.0033333333333333335
RP11-445F12.1,0.0033333333333333335
AC133680.1,0.0033333333333333335
PLCL1,0.0033333333333333335
LINC01197,0.0033333333333333335
HBA2,0.0033333333333333335
WI2-80269A6.1,0.0033333333333333335
GRAPL,0.0033333333333333335
SLC26A7,0.0033333333333333335
GAPDH,0.0033333333333333335
RPS8,0.0033333333333333335
FANCA,0.0033333333333333335
KCNS3,0.0033333333333333335
RP11-519G16.3,0.0033333333333333335
TAL1,0.0033333333333333335
CTC-513N18.6,0.0033333333333333335
RP11-1085N6.5,0.0033333333333333335
AC073115.6,0.0033333333333333335
SHANK2,0.0033333333333333335
GRIP1,0.0033333333333333335
CDCA2,0.0033333333333333335
TMEM176A,0.0033333333333333335
ARHGAP11A,0.0033333333333333335
PPIAL4G,0.0033333333333333335
LINC01299,0.0033333333333333335
CCNB1,0.002857142857142857
FBXL15,0.002857142857142857
ACSL3,0.002857142857142857
CTD-2277K2.1,0.002857142857142857
CKS2,0.002857142857142857
PAK7,0.002857142857142857
SNAP91,0.002857142857142857
UACA,0.002857142857142857
FABP7,0.002857142857142857
SOX13,0.002857142857142857
PCOLCE2,0.002857142857142857
NDUFA4L2,0.002857142857142857
PSMC3IP,0.002857142857142857
PLEKHA6,0.002857142857142857
PCDH15,0.002857142857142857
FLNB,0.002857142857142857
LRRC32,0.002857142857142857
COL18A1,0.002857142857142857
MFI2,0.002857142857142857
C2orf27B,0.002857142857142857
ARHGAP29,0.002857142857142857
KCNB2,0.002857142857142857
KLHL4,0.002857142857142857
TBX18,0.002857142857142857
SGOL2,0.002857142857142857
SNCA,0.002857142857142857
C21orf58,0.002857142857142857
CSPG5,0.002857142857142857
MYO15A,0.002857142857142857
COL24A1,0.002857142857142857
RPS6,0.002857142857142857
PTPRE,0.002857142857142857
RP11-244M2.1,0.002857142857142857
AC023469.1,0.002857142857142857
CDK5R2,0.002857142857142857
MAST4,0.002857142857142857
FAM111A,0.002857142857142857
LINC01515,0.002857142857142857
GXYLT2,0.002380952380952381
LINC01036,0.002380952380952381
TDO2,0.002380952380952381
ADCY2,0.002380952380952381
KIF23,0.002380952380952381
BAIAP2L1,0.002380952380952381
ALDH6A1,0.002380952380952381
IVNS1ABP,0.002380952380952381
PEAR1,0.002380952380952381
RPL35A,0.002380952380952381
KIFC1,0.002380952380952381
JAG1,0.002380952380952381
MT3,0.002380952380952381
NXPH2,0.002380952380952381
ACTL6B,0.002380952380952381
ANXA2,0.002380952380952381
SEMA3A,0.002380952380952381
MT2A,0.002380952380952381
AC091493.2,0.002380952380952381
DAB1,0.002380952380952381
DACH1,0.002380952380952381
NRG3,0.002380952380952381
EDIL3,0.002380952380952381
RP11-10O17.3,0.002380952380952381
HSPA8,0.002380952380952381
FHL5,0.002380952380952381
RNF220,0.002380952380952381
CACNA2D4,0.002380952380952381
OOEP,0.002380952380952381
BCL11A,0.002380952380952381
PLAGL1,0.002380952380952381
PHACTR3,0.002380952380952381
TOX,0.002380952380952381
PCDH11X,0.002380952380952381
DAZL,0.002380952380952381
MITF,0.002380952380952381
PECAM1,0.002380952380952381
MT-CO3,0.002380952380952381
CACNA1C,0.0019047619047619048
DNAH7,0.0019047619047619048
SLPI,0.0019047619047619048
CGNL1,0.0019047619047619048
SCARF1,0.0019047619047619048
SLFN12L,0.0019047619047619048
AC007161.5,0.0019047619047619048
OTUD6A,0.0019047619047619048
PRKCH,0.0019047619047619048
LINC01568,0.0019047619047619048
RBMS3,0.0019047619047619048
HSPA6,0.0019047619047619048
RP11-114G22.1,0.0019047619047619048
LAMC3,0.0019047619047619048
MYBL2,0.0019047619047619048
LINC01297,0.0019047619047619048
KIF14,0.0019047619047619048
CENPK,0.0019047619047619048
VLDLR-AS1,0.0019047619047619048
PITX2,0.0019047619047619048
MNS1,0.0019047619047619048
CNTNAP3B,0.0019047619047619048
SLC4A10,0.0019047619047619048
LRFN2,0.0019047619047619048
SOX4,0.0019047619047619048
RP11-499F3.2,0.0019047619047619048
RP11-170M17.1,0.0019047619047619048
NYAP2,0.0019047619047619048
HIST1H2BF,0.0019047619047619048
MET,0.0019047619047619048
ZMAT4,0.0019047619047619048
ADAMTSL2,0.0019047619047619048
LINC00609,0.0019047619047619048
CAAP1,0.0019047619047619048
FSTL1,0.0019047619047619048
FGF1,0.0019047619047619048
TTTY14,0.0019047619047619048
PDGFB,0.0019047619047619048
PTGER4,0.0019047619047619048
BUB1,0.0019047619047619048
ZMYND15,0.0019047619047619048
LGI1,0.0019047619047619048
CD93,0.0019047619047619048
GAB1,0.0019047619047619048
RPS15A,0.0019047619047619048
SLC41A1,0.0019047619047619048
KYNU,0.0019047619047619048
RP11-197K3.1,0.0019047619047619048
NPNT,0.0019047619047619048
MAP1LC3B,0.0019047619047619048
EBF1,0.0014285714285714286
LINC00599,0.0014285714285714286
ZNF536,0.0014285714285714286
MPZL2,0.0014285714285714286
PPP1R15B,0.0014285714285714286
FIP1L1,0.0014285714285714286
CFAP54,0.0014285714285714286
GADD45B,0.0014285714285714286
KC6,0.0014285714285714286
ASXL3,0.0014285714285714286
CLEC1A,0.0014285714285714286
HLA-B,0.0014285714285714286
FKBP9,0.0014285714285714286
COL3A1,0.0014285714285714286
CCDC150,0.0014285714285714286
DOK6,0.0014285714285714286
NFE2L3,0.0014285714285714286
MALRD1,0.0014285714285714286
FLT4,0.0014285714285714286
LGALS1,0.0014285714285714286
RAB11FIP1,0.0014285714285714286
DYNC1I1,0.0014285714285714286
RP11-418I22.2,0.0014285714285714286
SLCO4A1,0.0014285714285714286
LINC00907,0.0014285714285714286
ST6GALNAC5,0.0014285714285714286
CTGF,0.0014285714285714286
PHACTR1,0.0014285714285714286
LDB2,0.0014285714285714286
MT1E,0.0014285714285714286
EIF4EBP1,0.0014285714285714286
GIMAP8,0.0014285714285714286
GNA15,0.0014285714285714286
FAM20C,0.0014285714285714286
GINS3,0.0014285714285714286
RP11-103J8.1,0.0014285714285714286
FAM138E,0.0014285714285714286
TBX2,0.0014285714285714286
SNED1,0.0014285714285714286
COL1A1,0.0014285714285714286
PRKX,0.0014285714285714286
ZBTB46,0.0014285714285714286
RPL7A,0.0014285714285714286
DNAJB1,0.0014285714285714286
IGFBP5,0.0014285714285714286
ZNF366,0.0014285714285714286
ECT2,0.0014285714285714286
POLR2J,0.0014285714285714286
TBX3,0.0014285714285714286
SORBS2,0.0014285714285714286
GATA6-AS1,0.0014285714285714286
EPHB4,0.0014285714285714286
RGS6,0.0014285714285714286
VEGFA,0.0009523809523809524
DSCAM,0.0009523809523809524
SNAI1,0.0009523809523809524
SDPR,0.0009523809523809524
KIF18A,0.0009523809523809524
ALOX5AP,0.0009523809523809524
CHRM3,0.0009523809523809524
IRS2,0.0009523809523809524
TM2D2,0.0009523809523809524
CSMD3,0.0009523809523809524
CSMD1,0.0009523809523809524
RP11-718O11.1,0.0009523809523809524
PRR13,0.0009523809523809524
SEMA3C,0.0009523809523809524
RMRP,0.0009523809523809524
KCNQ5,0.0009523809523809524
RRM2,0.0009523809523809524
ETNK2,0.0009523809523809524
TRPC6,0.0009523809523809524
SLC16A14,0.0009523809523809524
MELK,0.0009523809523809524
NCAPG,0.0009523809523809524
IL4R,0.0009523809523809524
CTC-529P8.1,0.0009523809523809524
SEC61G,0.0009523809523809524
ELK3,0.0009523809523809524
CECR7,0.0009523809523809524
STARD4,0.0009523809523809524
RAB8A,0.0009523809523809524
SLCO5A1,0.0009523809523809524
C5AR1,0.0009523809523809524
RBM47,0.0009523809523809524
COL4A1,0.0009523809523809524
NAV3,0.0009523809523809524
ERG,0.0009523809523809524
PI15,0.0009523809523809524
C10orf54,0.0009523809523809524
CLDN22,0.0009523809523809524
BBOX1,0.0009523809523809524
MAB21L2,0.0009523809523809524
ZNF208,0.0009523809523809524
FOXP2,0.0009523809523809524
VCL,0.0009523809523809524
MARCH1,0.0009523809523809524
RP11-466I1.1,0.0009523809523809524
PCED1A,0.0009523809523809524
MYO5C,0.0009523809523809524
GRAP,0.0009523809523809524
EDA,0.0009523809523809524
MAFG,0.0009523809523809524
KIF12,0.0009523809523809524
BASP1,0.0009523809523809524
HMMR-AS1,0.0009523809523809524
RP11-13K12.1,0.0009523809523809524
PLA2R1,0.0009523809523809524
CPA6,0.0009523809523809524
RIMS2,0.0009523809523809524
AC018647.3,0.0004761904761904762
ESM1,0.0004761904761904762
BRIP1,0.0004761904761904762
CPNE5,0.0004761904761904762
PIK3C2B,0.0004761904761904762
CALML3-AS1,0.0004761904761904762
NOTCH4,0.0004761904761904762
CST3,0.0004761904761904762
TMEM196,0.0004761904761904762
ABCB1,0.0004761904761904762
MDK,0.0004761904761904762
DSCAML1,0.0004761904761904762
BNIP3L,0.0004761904761904762
RBBP5,0.0004761904761904762
IGFBP7,0.0004761904761904762
RP11-36B15.1,0.0004761904761904762
POLQ,0.0004761904761904762
CD248,0.0004761904761904762
GUK1,0.0004761904761904762
SLC38A11,0.0004761904761904762
HMGCLL1,0.0004761904761904762
RBFOX3,0.0004761904761904762
MKI67,0.0004761904761904762
RP11-219D15.3,0.0004761904761904762
CTB-91J4.1,0.0004761904761904762
RP11-141M1.3,0.0004761904761904762
C1orf64,0.0004761904761904762
RPS4Y1,0.0004761904761904762
NOS3,0.0004761904761904762
TRPM8,0.0004761904761904762
RP11-515E23.1,0.0004761904761904762
CTD-2332E11.2,0.0004761904761904762
HELLS,0.0004761904761904762
ADRA1A,0.0004761904761904762
CTD-2231H16.1,0.0004761904761904762
GGACT,0.0004761904761904762
CMKLR1,0.0004761904761904762
PVRL3,0.0004761904761904762
DGKB,0.0004761904761904762
EGFR-AS1,0.0004761904761904762
CAPG,0.0004761904761904762
RP11-72L22.1,0.0004761904761904762
SYT1,0.0004761904761904762
BBOX1-AS1,0.0004761904761904762
SFMBT2,0.0004761904761904762
RP11-13N12.1,0.0004761904761904762
IBA57-AS1,0.0004761904761904762
MIR3681HG,0.0004761904761904762
BMP5,0.0004761904761904762
CD44,0.0004761904761904762
RP1-149A16.12,0.0004761904761904762
NDST4,0.0004761904761904762
INSR,0.0004761904761904762
KLHL35,0.0004761904761904762
HUNK,0.0004761904761904762
RP5-884M6.1,0.0004761904761904762
UNCX,0.0004761904761904762
MT-CO2,0.0004761904761904762
SHISA9,0.0004761904761904762
NCKAP1L,0.0004761904761904762
EGFL7,0.0004761904761904762
SLC1A7,0.0004761904761904762
RP11-733C7.1,0.0004761904761904762
RASSF6,0.0004761904761904762
ABCC3,0.0004761904761904762
KCND2,0.0004761904761904762
LINC01419,0.0004761904761904762
MT-CO1,0.0004761904761904762
MYRIP,0.0004761904761904762
OBP2A,0.0004761904761904762
NDST3,0.0004761904761904762
H2AFZ,0.0004761904761904762
C19orf48,0.0004761904761904762
CTD-2035E11.3,0.0004761904761904762
MEGF10,0.0004761904761904762
RP11-61I13.3,0.0004761904761904762
CLMP,0.0004761904761904762
RPL29,0.0004761904761904762
RD3,0.0004761904761904762
